orderindex_id,order_id,quantity,order_date,order_time,unit_price,total_price,pizza_size,pizza_CategoryID,pizza_id,Store_ID,order_hour
1,1,1,2015-01-01,11:38:36.0000000,13.25,13.25,M,2,15,1,11
2,2,1,2015-01-01,11:57:40.0000000,16.00,16.00,M,2,44,2,11
3,2,1,2015-01-01,11:57:40.0000000,18.50,18.50,L,4,75,2,11
4,2,1,2015-01-01,11:57:40.0000000,20.75,20.75,L,3,35,2,11
5,2,1,2015-01-01,11:57:40.0000000,16.00,16.00,M,4,79,2,11
6,2,1,2015-01-01,11:57:40.0000000,20.75,20.75,L,1,11,2,11
7,3,1,2015-01-01,12:12:28.0000000,16.50,16.50,M,3,69,3,12
8,3,1,2015-01-01,12:12:28.0000000,20.75,20.75,L,3,87,3,12
9,4,1,2015-01-01,12:16:31.0000000,16.50,16.50,M,3,69,4,12
10,5,1,2015-01-01,12:21:30.0000000,16.50,16.50,M,3,69,5,12
11,6,1,2015-01-01,12:29:36.0000000,12.75,12.75,S,1,13,6,12
12,6,1,2015-01-01,12:29:36.0000000,12.00,12.00,S,2,57,6,12
13,7,1,2015-01-01,12:50:37.0000000,12.50,12.50,S,3,53,7,12
14,8,1,2015-01-01,12:51:37.0000000,12.50,12.50,S,3,53,8,12
15,9,1,2015-01-01,12:52:01.0000000,12.00,12.00,S,2,74,9,12
16,9,1,2015-01-01,12:52:01.0000000,12.00,12.00,S,4,3,9,12
17,9,1,2015-01-01,12:52:01.0000000,20.50,20.50,L,2,45,9,12
18,9,1,2015-01-01,12:52:01.0000000,20.75,20.75,L,3,35,9,12
19,9,1,2015-01-01,12:52:01.0000000,12.50,12.50,S,3,78,9,12
20,9,1,2015-01-01,12:52:01.0000000,12.00,12.00,S,4,36,9,12
21,9,1,2015-01-01,12:52:01.0000000,20.75,20.75,L,3,49,9,12
22,9,1,2015-01-01,12:52:01.0000000,20.75,20.75,L,4,39,9,12
23,9,1,2015-01-01,12:52:01.0000000,12.00,12.00,S,4,91,9,12
24,10,1,2015-01-01,13:00:15.0000000,20.25,20.25,L,4,71,10,13
25,10,1,2015-01-01,13:00:15.0000000,20.75,20.75,L,1,73,10,13
26,11,1,2015-01-01,13:02:59.0000000,20.75,20.75,L,1,31,11,13
27,11,1,2015-01-01,13:02:59.0000000,20.75,20.75,L,1,19,11,13
28,11,1,2015-01-01,13:02:59.0000000,16.75,16.75,M,1,55,11,13
29,11,1,2015-01-01,13:02:59.0000000,15.25,15.25,L,2,47,11,13
30,12,1,2015-01-01,13:04:41.0000000,20.75,20.75,L,1,19,1,13
31,12,1,2015-01-01,13:04:41.0000000,12.75,12.75,S,1,67,1,13
32,12,1,2015-01-01,13:04:41.0000000,20.75,20.75,L,1,84,1,13
33,12,1,2015-01-01,13:04:41.0000000,16.50,16.50,M,3,69,1,13
34,13,1,2015-01-01,13:11:55.0000000,20.25,20.25,L,4,71,2,13
35,14,1,2015-01-01,13:14:19.0000000,12.00,12.00,S,2,57,3,13
36,15,1,2015-01-01,13:33:00.0000000,12.00,12.00,S,2,63,4,13
37,15,1,2015-01-01,13:33:00.0000000,18.50,18.50,L,4,75,4,13
38,15,1,2015-01-01,13:33:00.0000000,20.75,20.75,L,3,38,4,13
39,15,1,2015-01-01,13:33:00.0000000,12.00,12.00,S,2,57,4,13
40,16,1,2015-01-01,13:34:07.0000000,17.95,17.95,L,4,76,5,13
41,16,1,2015-01-01,13:34:07.0000000,12.00,12.00,S,2,65,5,13
42,16,1,2015-01-01,13:34:07.0000000,20.75,20.75,L,1,11,5,13
43,17,1,2015-01-01,13:53:00.0000000,20.75,20.75,L,1,31,6,13
44,17,1,2015-01-01,13:53:00.0000000,16.25,16.25,M,3,42,6,13
45,17,1,2015-01-01,13:53:00.0000000,18.50,18.50,L,4,75,6,13
46,17,1,2015-01-01,13:53:00.0000000,14.75,14.75,M,4,20,6,13
47,17,1,2015-01-01,13:53:00.0000000,16.50,16.50,M,3,69,6,13
48,17,1,2015-01-01,13:53:00.0000000,12.75,12.75,S,4,60,6,13
49,17,2,2015-01-01,13:53:00.0000000,16.00,32.00,M,4,8,6,13
50,17,1,2015-01-01,13:53:00.0000000,20.25,20.25,L,4,71,6,13
51,17,1,2015-01-01,13:53:00.0000000,12.50,12.50,S,3,66,6,13
52,17,1,2015-01-01,13:53:00.0000000,20.25,20.25,L,4,30,6,13
53,18,1,2015-01-01,13:57:08.0000000,20.50,20.50,L,2,72,7,13
54,19,1,2015-01-01,13:59:09.0000000,20.50,20.50,L,2,45,8,13
55,19,1,2015-01-01,13:59:09.0000000,20.25,20.25,L,3,28,8,13
56,20,1,2015-01-01,14:03:08.0000000,12.00,12.00,S,2,63,9,14
57,20,1,2015-01-01,14:03:08.0000000,18.50,18.50,L,4,75,9,14
58,21,1,2015-01-01,14:14:29.0000000,20.50,20.50,L,2,45,10,14
59,22,1,2015-01-01,14:16:26.0000000,18.50,18.50,L,4,75,11,14
60,22,1,2015-01-01,14:16:26.0000000,16.00,16.00,M,2,7,11,14
61,22,1,2015-01-01,14:16:26.0000000,20.75,20.75,L,1,73,11,14
62,23,1,2015-01-01,14:19:03.0000000,12.75,12.75,S,1,89,1,14
63,24,1,2015-01-01,14:23:01.0000000,16.75,16.75,M,1,82,2,14
64,24,1,2015-01-01,14:23:01.0000000,16.00,16.00,M,2,7,2,14
65,24,1,2015-01-01,14:23:01.0000000,12.50,12.50,M,2,80,2,14
66,24,1,2015-01-01,14:23:01.0000000,12.50,12.50,S,3,10,2,14
67,25,1,2015-01-01,14:44:44.0000000,16.25,16.25,M,3,88,3,14
68,25,1,2015-01-01,14:44:44.0000000,20.75,20.75,L,1,11,3,14
69,26,1,2015-01-01,14:54:26.0000000,12.00,12.00,S,2,74,4,14
70,26,1,2015-01-01,14:54:26.0000000,20.25,20.25,L,4,12,4,14
71,27,1,2015-01-01,15:11:17.0000000,20.75,20.75,L,1,31,5,15
72,27,1,2015-01-01,15:11:17.0000000,16.00,16.00,M,2,44,5,15
73,27,1,2015-01-01,15:11:17.0000000,20.25,20.25,L,4,30,5,15
74,28,1,2015-01-01,15:35:46.0000000,12.75,12.75,S,1,83,6,15
75,29,1,2015-01-01,15:41:01.0000000,12.00,12.00,S,4,3,7,15
76,30,1,2015-01-01,15:41:25.0000000,20.75,20.75,L,1,11,8,15
77,31,1,2015-01-01,15:50:18.0000000,16.00,16.00,M,4,79,9,15
78,31,1,2015-01-01,15:50:18.0000000,9.75,9.75,S,2,23,9,15
79,32,1,2015-01-01,15:53:18.0000000,12.00,12.00,S,2,63,10,15
80,32,1,2015-01-01,15:53:18.0000000,20.25,20.25,L,4,77,10,15
81,32,1,2015-01-01,15:53:18.0000000,20.50,20.50,L,2,45,10,15
82,32,1,2015-01-01,15:53:18.0000000,16.50,16.50,M,3,69,10,15
83,33,1,2015-01-01,15:54:08.0000000,20.75,20.75,L,1,31,11,15
84,33,1,2015-01-01,15:54:08.0000000,12.00,12.00,S,4,3,11,15
85,34,1,2015-01-01,16:21:21.0000000,12.00,12.00,S,2,57,1,16
86,35,1,2015-01-01,16:32:04.0000000,16.00,16.00,M,4,34,2,16
87,35,1,2015-01-01,16:32:04.0000000,17.50,17.50,L,2,27,2,16
88,35,1,2015-01-01,16:32:04.0000000,12.50,12.50,M,2,80,2,16
89,35,1,2015-01-01,16:32:04.0000000,20.75,20.75,L,1,11,2,16
90,36,1,2015-01-01,16:54:09.0000000,16.75,16.75,M,1,82,3,16
91,36,1,2015-01-01,16:54:09.0000000,16.00,16.00,M,2,44,3,16
92,37,1,2015-01-01,16:56:09.0000000,20.75,20.75,L,3,35,4,16
93,37,1,2015-01-01,16:56:09.0000000,20.25,20.25,L,4,71,4,16
94,38,1,2015-01-01,17:03:00.0000000,10.50,10.50,S,2,16,5,17
95,38,1,2015-01-01,17:03:00.0000000,20.50,20.50,L,2,45,5,17
96,39,1,2015-01-01,17:07:23.0000000,20.75,20.75,L,3,35,6,17
97,40,1,2015-01-01,17:14:36.0000000,17.95,17.95,L,4,76,7,17
98,40,1,2015-01-01,17:14:36.0000000,12.75,12.75,S,1,89,7,17
99,41,1,2015-01-01,17:15:20.0000000,14.75,14.75,M,4,20,8,17
100,41,1,2015-01-01,17:15:20.0000000,12.00,12.00,S,4,3,8,17
101,42,1,2015-01-01,17:28:09.0000000,12.00,12.00,S,2,63,9,17
102,42,1,2015-01-01,17:28:09.0000000,18.50,18.50,L,4,75,9,17
103,42,1,2015-01-01,17:28:09.0000000,20.25,20.25,L,4,71,9,17
104,42,1,2015-01-01,17:28:09.0000000,16.50,16.50,M,3,22,9,17
105,43,1,2015-01-01,17:38:34.0000000,16.75,16.75,M,1,56,10,17
106,43,1,2015-01-01,17:38:34.0000000,16.50,16.50,M,3,69,10,17
107,43,1,2015-01-01,17:38:34.0000000,20.75,20.75,L,3,4,10,17
108,44,1,2015-01-01,17:54:20.0000000,12.50,12.50,S,4,40,11,17
109,45,1,2015-01-01,17:55:48.0000000,17.95,17.95,L,4,76,1,17
110,45,1,2015-01-01,17:55:48.0000000,10.50,10.50,S,2,16,1,17
111,45,1,2015-01-01,17:55:48.0000000,16.75,16.75,M,1,17,1,17
112,46,1,2015-01-01,18:25:51.0000000,20.75,20.75,L,1,84,2,18
113,46,1,2015-01-01,18:25:51.0000000,20.50,20.50,L,2,68,2,18
114,46,1,2015-01-01,18:25:51.0000000,16.75,16.75,M,1,17,2,18
115,47,1,2015-01-01,18:26:34.0000000,20.75,20.75,L,1,73,3,18
116,47,1,2015-01-01,18:26:34.0000000,12.00,12.00,S,4,91,3,18
117,48,1,2015-01-01,18:26:42.0000000,16.75,16.75,M,1,25,4,18
118,48,1,2015-01-01,18:26:42.0000000,12.00,12.00,S,4,3,4,18
119,48,1,2015-01-01,18:26:42.0000000,20.75,20.75,L,3,87,4,18
120,48,1,2015-01-01,18:26:42.0000000,20.75,20.75,L,3,49,4,18
121,49,1,2015-01-01,18:33:00.0000000,20.25,20.25,L,3,28,5,18
122,50,1,2015-01-01,18:41:01.0000000,25.50,25.50,XL,2,32,6,18
123,51,1,2015-01-01,18:48:28.0000000,20.75,20.75,L,1,31,7,18
124,51,1,2015-01-01,18:48:28.0000000,17.50,17.50,L,2,27,7,18
125,52,1,2015-01-01,18:53:02.0000000,16.50,16.50,L,2,64,8,18
126,52,1,2015-01-01,18:53:02.0000000,20.25,20.25,L,4,71,8,18
127,52,1,2015-01-01,18:53:02.0000000,20.75,20.75,L,3,49,8,18
128,53,1,2015-01-01,18:54:17.0000000,11.00,11.00,S,2,9,9,18
129,53,1,2015-01-01,18:54:17.0000000,16.50,16.50,M,3,41,9,18
130,54,1,2015-01-01,19:01:45.0000000,16.50,16.50,M,3,61,10,19
131,54,1,2015-01-01,19:01:45.0000000,20.75,20.75,L,1,11,10,19
132,55,1,2015-01-01,19:03:19.0000000,12.50,12.50,S,3,66,11,19
133,55,1,2015-01-01,19:03:19.0000000,20.75,20.75,L,3,49,11,19
134,56,1,2015-01-01,19:07:00.0000000,16.00,16.00,M,2,44,1,19
135,56,1,2015-01-01,19:07:00.0000000,20.25,20.25,L,4,26,1,19
136,56,1,2015-01-01,19:07:00.0000000,16.75,16.75,M,1,6,1,19
137,57,1,2015-01-01,19:10:51.0000000,16.00,16.00,M,2,44,2,19
138,58,1,2015-01-01,19:30:40.0000000,18.50,18.50,L,4,75,3,19
139,58,1,2015-01-01,19:30:40.0000000,12.50,12.50,M,2,80,3,19
140,59,1,2015-01-01,19:40:08.0000000,12.75,12.75,S,4,60,4,19
141,59,1,2015-01-01,19:40:08.0000000,11.00,11.00,S,2,9,4,19
142,59,1,2015-01-01,19:40:08.0000000,15.25,15.25,L,2,47,4,19
143,60,1,2015-01-01,20:05:16.0000000,20.75,20.75,L,1,84,5,20
144,60,1,2015-01-01,20:05:16.0000000,14.75,14.75,M,4,20,5,20
145,61,1,2015-01-01,20:08:43.0000000,16.75,16.75,M,1,82,6,20
146,61,1,2015-01-01,20:08:43.0000000,20.75,20.75,L,3,35,6,20
147,62,1,2015-01-01,20:50:16.0000000,16.75,16.75,M,1,82,7,20
148,62,1,2015-01-01,20:50:16.0000000,16.50,16.50,M,3,41,7,20
149,63,1,2015-01-01,20:51:42.0000000,14.50,14.50,M,2,5,8,20
150,64,1,2015-01-01,20:52:08.0000000,12.00,12.00,S,2,63,9,20
151,65,1,2015-01-01,21:16:00.0000000,11.00,11.00,S,2,9,10,21
152,65,1,2015-01-01,21:16:00.0000000,12.25,12.25,S,3,37,10,21
153,65,1,2015-01-01,21:16:00.0000000,12.50,12.50,S,3,29,10,21
154,65,1,2015-01-01,21:16:00.0000000,16.50,16.50,M,3,41,10,21
155,66,1,2015-01-01,21:47:55.0000000,16.00,16.00,M,2,44,11,21
156,66,1,2015-01-01,21:47:55.0000000,16.00,16.00,M,2,7,11,21
157,67,1,2015-01-01,22:03:40.0000000,20.75,20.75,L,1,73,1,22
158,68,1,2015-01-01,22:07:32.0000000,16.00,16.00,M,2,44,2,22
159,68,1,2015-01-01,22:07:32.0000000,20.75,20.75,L,3,35,2,22
160,68,1,2015-01-01,22:07:32.0000000,16.50,16.50,M,3,69,2,22
161,69,1,2015-01-01,22:12:13.0000000,20.75,20.75,L,1,31,3,22
162,70,1,2015-01-02,11:38:51.0000000,12.75,12.75,S,4,60,4,11
163,70,1,2015-01-02,11:38:51.0000000,20.75,20.75,L,3,38,4,11
164,71,1,2015-01-02,11:40:50.0000000,20.75,20.75,L,1,11,5,11
165,72,1,2015-01-02,11:57:25.0000000,20.25,20.25,L,4,30,6,11
166,73,1,2015-01-02,11:58:56.0000000,12.75,12.75,S,1,81,7,11
167,74,1,2015-01-02,12:01:12.0000000,18.50,18.50,L,4,75,8,12
168,74,1,2015-01-02,12:01:12.0000000,20.25,20.25,L,4,71,8,12
169,74,1,2015-01-02,12:01:12.0000000,12.50,12.50,S,4,40,8,12
170,74,1,2015-01-02,12:01:12.0000000,20.75,20.75,L,3,90,8,12
171,75,1,2015-01-02,12:10:15.0000000,12.50,12.50,S,3,78,9,12
172,75,1,2015-01-02,12:10:15.0000000,20.25,20.25,L,4,26,9,12
173,75,1,2015-01-02,12:10:15.0000000,20.50,20.50,L,2,72,9,12
174,76,1,2015-01-02,12:21:17.0000000,12.00,12.00,S,2,63,10,12
175,76,1,2015-01-02,12:21:17.0000000,16.50,16.50,L,2,64,10,12
176,76,1,2015-01-02,12:21:17.0000000,21.00,21.00,L,4,21,10,12
177,76,1,2015-01-02,12:21:17.0000000,20.75,20.75,L,3,49,10,12
178,77,1,2015-01-02,12:22:46.0000000,16.75,16.75,M,1,82,11,12
179,77,1,2015-01-02,12:22:46.0000000,13.25,13.25,M,2,15,11,12
180,78,1,2015-01-02,12:28:14.0000000,12.00,12.00,S,2,63,1,12
181,78,1,2015-01-02,12:28:14.0000000,12.00,12.00,S,2,74,1,12
182,78,1,2015-01-02,12:28:14.0000000,17.95,17.95,L,4,76,1,12
183,78,1,2015-01-02,12:28:14.0000000,16.00,16.00,M,2,7,1,12
184,78,3,2015-01-02,12:28:14.0000000,20.75,62.25,L,3,49,1,12
185,78,1,2015-01-02,12:28:14.0000000,12.75,12.75,S,1,81,1,12
186,79,1,2015-01-02,12:29:11.0000000,20.50,20.50,L,2,45,2,12
187,79,1,2015-01-02,12:29:11.0000000,11.00,11.00,S,2,9,2,12
188,79,1,2015-01-02,12:29:11.0000000,20.75,20.75,L,1,11,2,12
189,80,1,2015-01-02,12:35:38.0000000,9.75,9.75,S,2,23,3,12
190,80,1,2015-01-02,12:35:38.0000000,16.75,16.75,M,1,17,3,12
191,81,1,2015-01-02,12:40:01.0000000,20.75,20.75,L,1,11,4,12
192,82,1,2015-01-02,12:45:51.0000000,12.00,12.00,S,2,63,5,12
193,82,1,2015-01-02,12:45:51.0000000,16.75,16.75,M,1,55,5,12
194,82,1,2015-01-02,12:45:51.0000000,20.75,20.75,L,3,49,5,12
195,82,1,2015-01-02,12:45:51.0000000,16.00,16.00,M,4,18,5,12
196,83,1,2015-01-02,12:53:27.0000000,12.75,12.75,S,1,89,6,12
197,84,1,2015-01-02,13:13:41.0000000,15.25,15.25,L,2,47,7,13
198,85,1,2015-01-02,13:34:49.0000000,16.00,16.00,M,2,44,8,13
199,85,1,2015-01-02,13:34:49.0000000,12.00,12.00,S,2,74,8,13
200,85,1,2015-01-02,13:34:49.0000000,20.75,20.75,L,3,35,8,13
201,85,1,2015-01-02,13:34:49.0000000,16.00,16.00,M,2,86,8,13
202,86,1,2015-01-02,13:40:31.0000000,16.50,16.50,L,2,64,9,13
203,87,1,2015-01-02,14:01:02.0000000,16.00,16.00,M,2,7,10,14
204,87,1,2015-01-02,14:01:02.0000000,16.00,16.00,M,4,79,10,14
205,87,1,2015-01-02,14:01:02.0000000,20.75,20.75,L,3,90,10,14
206,87,1,2015-01-02,14:01:02.0000000,12.50,12.50,S,3,53,10,14
207,88,1,2015-01-02,14:10:08.0000000,18.50,18.50,L,4,75,11,14
208,89,1,2015-01-02,14:30:19.0000000,20.75,20.75,L,3,38,1,14
209,89,1,2015-01-02,14:30:19.0000000,20.75,20.75,L,1,11,1,14
210,90,1,2015-01-02,15:08:48.0000000,20.25,20.25,L,3,28,2,15
211,90,1,2015-01-02,15:08:48.0000000,12.75,12.75,S,1,81,2,15
212,91,2,2015-01-02,15:14:43.0000000,20.75,41.50,L,1,31,3,15
213,91,1,2015-01-02,15:14:43.0000000,12.75,12.75,S,1,43,3,15
214,91,1,2015-01-02,15:14:43.0000000,9.75,9.75,S,2,23,3,15
215,92,1,2015-01-02,15:17:02.0000000,16.75,16.75,M,1,82,4,15
216,92,1,2015-01-02,15:17:02.0000000,20.75,20.75,L,3,35,4,15
217,92,1,2015-01-02,15:17:02.0000000,16.50,16.50,M,3,69,4,15
218,92,1,2015-01-02,15:17:02.0000000,12.75,12.75,S,4,60,4,15
219,92,1,2015-01-02,15:17:02.0000000,12.50,12.50,M,2,80,4,15
220,92,1,2015-01-02,15:17:02.0000000,16.50,16.50,M,3,22,4,15
221,92,1,2015-01-02,15:17:02.0000000,12.00,12.00,S,4,51,4,15
222,92,1,2015-01-02,15:17:02.0000000,12.50,12.50,S,3,53,4,15
223,92,2,2015-01-02,15:17:02.0000000,16.00,32.00,M,2,86,4,15
224,93,1,2015-01-02,15:29:31.0000000,16.25,16.25,M,3,88,5,15
225,94,1,2015-01-02,16:17:16.0000000,16.00,16.00,M,2,7,6,16
226,94,1,2015-01-02,16:17:16.0000000,12.75,12.75,S,1,89,6,16
227,95,1,2015-01-02,16:18:04.0000000,12.00,12.00,S,2,65,7,16
228,95,1,2015-01-02,16:18:04.0000000,20.75,20.75,L,3,4,7,16
229,96,1,2015-01-02,16:21:20.0000000,12.00,12.00,S,2,65,8,16
230,97,1,2015-01-02,16:45:33.0000000,12.00,12.00,S,2,63,9,16
231,98,1,2015-01-02,17:18:18.0000000,20.50,20.50,L,2,68,10,17
232,98,1,2015-01-02,17:18:18.0000000,20.50,20.50,L,2,72,10,17
233,99,1,2015-01-02,17:45:42.0000000,20.75,20.75,L,3,35,11,17
234,100,1,2015-01-02,17:46:17.0000000,16.50,16.50,L,2,64,1,17
235,101,1,2015-01-02,17:51:33.0000000,20.75,20.75,L,1,19,2,17
236,101,1,2015-01-02,17:51:33.0000000,15.25,15.25,L,2,47,2,17
237,101,1,2015-01-02,17:51:33.0000000,20.75,20.75,L,3,38,2,17
238,101,1,2015-01-02,17:51:33.0000000,16.50,16.50,M,3,24,2,17
239,102,1,2015-01-02,17:54:04.0000000,12.75,12.75,S,1,13,3,17
240,102,1,2015-01-02,17:54:04.0000000,12.50,12.50,S,3,10,3,17
241,103,1,2015-01-02,18:02:09.0000000,12.50,12.50,S,3,53,4,18
242,104,1,2015-01-02,18:02:12.0000000,16.75,16.75,M,1,82,5,18
243,104,1,2015-01-02,18:02:12.0000000,16.75,16.75,M,1,56,5,18
244,104,1,2015-01-02,18:02:12.0000000,16.75,16.75,M,4,59,5,18
245,104,1,2015-01-02,18:02:12.0000000,20.25,20.25,L,4,12,5,18
246,105,2,2015-01-02,18:12:01.0000000,10.50,21.00,S,2,16,6,18
247,105,1,2015-01-02,18:12:01.0000000,15.25,15.25,L,2,47,6,18
248,105,1,2015-01-02,18:12:01.0000000,16.50,16.50,M,3,61,6,18
249,106,1,2015-01-02,18:12:13.0000000,20.25,20.25,L,4,71,7,18
250,106,1,2015-01-02,18:12:13.0000000,20.75,20.75,L,3,49,7,18
251,107,1,2015-01-02,18:25:09.0000000,20.75,20.75,L,1,19,8,18
252,107,1,2015-01-02,18:25:09.0000000,16.50,16.50,M,3,69,8,18
253,107,1,2015-01-02,18:25:09.0000000,20.75,20.75,L,3,49,8,18
254,107,1,2015-01-02,18:25:09.0000000,20.25,20.25,L,4,12,8,18
255,108,1,2015-01-02,18:25:25.0000000,20.50,20.50,L,2,68,9,18
256,108,1,2015-01-02,18:25:25.0000000,16.50,16.50,L,2,64,9,18
257,108,1,2015-01-02,18:25:25.0000000,20.75,20.75,L,3,90,9,18
258,109,1,2015-01-02,18:27:50.0000000,20.50,20.50,L,2,45,10,18
259,109,1,2015-01-02,18:27:50.0000000,20.75,20.75,L,3,35,10,18
260,109,1,2015-01-02,18:27:50.0000000,12.50,12.50,M,2,80,10,18
261,109,1,2015-01-02,18:27:50.0000000,20.75,20.75,L,3,87,10,18
262,110,1,2015-01-02,18:36:19.0000000,12.00,12.00,S,2,63,11,18
263,110,1,2015-01-02,18:36:19.0000000,20.50,20.50,L,2,72,11,18
264,110,1,2015-01-02,18:36:19.0000000,20.75,20.75,L,3,38,11,18
265,110,1,2015-01-02,18:36:19.0000000,12.50,12.50,S,3,29,11,18
266,111,1,2015-01-02,18:38:01.0000000,16.75,16.75,M,1,55,1,18
267,111,1,2015-01-02,18:38:01.0000000,18.50,18.50,L,4,75,1,18
268,111,1,2015-01-02,18:38:01.0000000,12.50,12.50,M,2,80,1,18
269,111,1,2015-01-02,18:38:01.0000000,20.75,20.75,L,4,39,1,18
270,112,1,2015-01-02,18:41:40.0000000,9.75,9.75,S,2,23,2,18
271,113,1,2015-01-02,18:50:21.0000000,20.75,20.75,L,1,19,3,18
272,113,1,2015-01-02,18:50:21.0000000,20.25,20.25,L,4,71,3,18
273,113,1,2015-01-02,18:50:21.0000000,16.75,16.75,M,1,6,3,18
274,114,1,2015-01-02,18:59:32.0000000,15.25,15.25,L,2,47,4,18
275,114,1,2015-01-02,18:59:32.0000000,12.25,12.25,S,3,37,4,18
276,115,1,2015-01-02,19:05:17.0000000,12.00,12.00,S,2,63,5,19
277,115,1,2015-01-02,19:05:17.0000000,20.50,20.50,L,2,72,5,19
278,115,1,2015-01-02,19:05:17.0000000,16.75,16.75,M,1,17,5,19
279,116,1,2015-01-02,19:18:49.0000000,18.50,18.50,L,4,75,6,19
280,117,1,2015-01-02,19:23:02.0000000,16.50,16.50,M,3,22,7,19
281,117,1,2015-01-02,19:23:02.0000000,20.25,20.25,L,3,28,7,19
282,118,1,2015-01-02,19:26:59.0000000,20.75,20.75,L,3,87,8,19
283,118,1,2015-01-02,19:26:59.0000000,12.00,12.00,S,4,51,8,19
284,119,1,2015-01-02,19:32:29.0000000,14.75,14.75,M,4,20,9,19
285,120,1,2015-01-02,19:35:07.0000000,12.00,12.00,S,2,74,10,19
286,120,1,2015-01-02,19:35:07.0000000,10.50,10.50,S,2,16,10,19
287,120,1,2015-01-02,19:35:07.0000000,20.25,20.25,L,4,30,10,19
288,121,1,2015-01-02,19:38:48.0000000,16.75,16.75,M,1,82,11,19
289,121,1,2015-01-02,19:38:48.0000000,17.95,17.95,L,4,76,11,19
290,121,1,2015-01-02,19:38:48.0000000,20.25,20.25,L,3,28,11,19
291,121,1,2015-01-02,19:38:48.0000000,20.75,20.75,L,1,73,11,19
292,122,1,2015-01-02,19:50:19.0000000,16.50,16.50,M,3,69,1,19
293,123,1,2015-01-02,20:12:09.0000000,12.00,12.00,S,2,58,2,20
294,124,1,2015-01-02,20:12:34.0000000,12.75,12.75,S,1,13,3,20
295,124,1,2015-01-02,20:12:34.0000000,20.25,20.25,L,3,28,3,20
296,124,1,2015-01-02,20:12:34.0000000,20.75,20.75,L,3,49,3,20
297,124,1,2015-01-02,20:12:34.0000000,12.00,12.00,S,2,57,3,20
298,125,1,2015-01-02,20:31:06.0000000,25.50,25.50,XL,2,32,4,20
299,126,1,2015-01-02,20:53:42.0000000,20.25,20.25,L,4,12,5,20
300,127,1,2015-01-02,20:58:23.0000000,12.50,12.50,M,2,80,6,20
301,128,1,2015-01-02,21:05:06.0000000,12.50,12.50,S,3,29,7,21
302,129,1,2015-01-02,21:13:02.0000000,12.00,12.00,S,2,63,8,21
303,129,1,2015-01-02,21:13:02.0000000,16.00,16.00,M,2,86,8,21
304,130,1,2015-01-02,21:14:55.0000000,10.50,10.50,S,2,16,9,21
305,130,1,2015-01-02,21:14:55.0000000,20.50,20.50,L,2,45,9,21
306,130,1,2015-01-02,21:14:55.0000000,16.00,16.00,M,4,79,9,21
307,130,1,2015-01-02,21:14:55.0000000,12.75,12.75,S,1,89,9,21
308,131,1,2015-01-02,21:33:10.0000000,20.75,20.75,L,1,84,10,21
309,131,1,2015-01-02,21:33:10.0000000,18.50,18.50,L,4,75,10,21
310,131,1,2015-01-02,21:33:10.0000000,12.00,12.00,S,4,3,10,21
311,131,1,2015-01-02,21:33:10.0000000,12.50,12.50,S,3,53,10,21
312,132,1,2015-01-02,21:42:45.0000000,9.75,9.75,S,2,23,11,21
313,133,1,2015-01-02,22:00:17.0000000,20.75,20.75,L,1,31,1,22
314,133,1,2015-01-02,22:00:17.0000000,16.50,16.50,L,2,64,1,22
315,133,1,2015-01-02,22:00:17.0000000,12.00,12.00,S,2,57,1,22
316,134,1,2015-01-02,22:13:24.0000000,12.00,12.00,S,2,63,2,22
317,134,1,2015-01-02,22:13:24.0000000,20.75,20.75,L,1,73,2,22
318,134,1,2015-01-02,22:13:24.0000000,12.50,12.50,S,3,53,2,22
319,135,1,2015-01-02,22:29:34.0000000,20.25,20.25,L,4,12,3,22
320,136,1,2015-01-02,22:32:49.0000000,18.50,18.50,L,4,75,4,22
321,136,1,2015-01-02,22:32:49.0000000,12.50,12.50,S,3,66,4,22
322,137,1,2015-01-03,11:34:10.0000000,20.25,20.25,L,4,26,5,11
323,137,1,2015-01-03,11:34:10.0000000,9.75,9.75,S,2,23,5,11
324,137,1,2015-01-03,11:34:10.0000000,16.50,16.50,M,3,24,5,11
325,138,1,2015-01-03,11:44:50.0000000,16.75,16.75,M,1,55,6,11
326,138,1,2015-01-03,11:44:50.0000000,17.95,17.95,L,4,76,6,11
327,138,1,2015-01-03,11:44:50.0000000,21.00,21.00,L,4,21,6,11
328,138,1,2015-01-03,11:44:50.0000000,16.25,16.25,M,3,88,6,11
329,139,1,2015-01-03,11:57:39.0000000,18.50,18.50,L,4,75,7,11
330,140,1,2015-01-03,12:26:44.0000000,12.50,12.50,S,3,10,8,12
331,140,1,2015-01-03,12:26:44.0000000,16.00,16.00,M,4,18,8,12
332,141,1,2015-01-03,13:16:01.0000000,16.00,16.00,M,2,44,9,13
333,142,1,2015-01-03,13:33:59.0000000,16.00,16.00,M,4,34,10,13
334,143,1,2015-01-03,13:41:36.0000000,12.75,12.75,S,1,67,11,13
335,143,1,2015-01-03,13:41:36.0000000,12.00,12.00,S,2,74,11,13
336,143,1,2015-01-03,13:41:36.0000000,16.50,16.50,L,2,64,11,13
337,143,1,2015-01-03,13:41:36.0000000,16.00,16.00,M,4,79,11,13
338,143,1,2015-01-03,13:41:36.0000000,15.25,15.25,L,2,47,11,13
339,143,1,2015-01-03,13:41:36.0000000,12.50,12.50,S,3,10,11,13
340,143,1,2015-01-03,13:41:36.0000000,20.75,20.75,L,1,11,11,13
341,143,1,2015-01-03,13:41:36.0000000,16.00,16.00,M,4,18,11,13
342,144,3,2015-01-03,13:44:28.0000000,16.75,50.25,M,1,82,1,13
343,144,1,2015-01-03,13:44:28.0000000,12.00,12.00,S,2,63,1,13
344,144,1,2015-01-03,13:44:28.0000000,20.75,20.75,L,1,19,1,13
345,144,1,2015-01-03,13:44:28.0000000,16.75,16.75,M,1,25,1,13
346,144,1,2015-01-03,13:44:28.0000000,18.50,18.50,L,4,75,1,13
347,144,1,2015-01-03,13:44:28.0000000,17.95,17.95,L,4,76,1,13
348,144,1,2015-01-03,13:44:28.0000000,11.00,11.00,S,2,9,1,13
349,144,1,2015-01-03,13:44:28.0000000,20.75,20.75,L,1,73,1,13
350,144,1,2015-01-03,13:44:28.0000000,12.75,12.75,S,1,89,1,13
351,144,1,2015-01-03,13:44:28.0000000,20.75,20.75,L,3,49,1,13
352,144,1,2015-01-03,13:44:28.0000000,16.75,16.75,M,1,17,1,13
353,144,1,2015-01-03,13:44:28.0000000,20.25,20.25,L,4,12,1,13
354,145,1,2015-01-03,13:53:48.0000000,12.00,12.00,S,2,57,2,13
355,146,1,2015-01-03,14:22:10.0000000,20.75,20.75,L,1,19,3,14
356,146,1,2015-01-03,14:22:10.0000000,14.75,14.75,M,4,20,3,14
357,146,1,2015-01-03,14:22:10.0000000,13.25,13.25,M,2,15,3,14
358,147,1,2015-01-03,14:32:51.0000000,25.50,25.50,XL,2,32,4,14
359,148,1,2015-01-03,14:40:42.0000000,12.00,12.00,S,4,70,5,14
360,149,1,2015-01-03,14:48:45.0000000,16.00,16.00,M,4,50,6,14
361,150,1,2015-01-03,14:49:58.0000000,12.50,12.50,M,2,80,7,14
362,151,1,2015-01-03,15:09:34.0000000,20.75,20.75,L,1,73,8,15
363,151,1,2015-01-03,15:09:34.0000000,12.50,12.50,S,3,53,8,15
364,152,1,2015-01-03,15:09:42.0000000,10.50,10.50,S,2,16,9,15
365,152,1,2015-01-03,15:09:42.0000000,20.25,20.25,L,4,30,9,15
366,152,1,2015-01-03,15:09:42.0000000,12.75,12.75,S,1,81,9,15
367,152,1,2015-01-03,15:09:42.0000000,16.00,16.00,M,2,86,9,15
368,153,1,2015-01-03,15:16:34.0000000,16.00,16.00,M,4,79,10,15
369,154,1,2015-01-03,15:22:43.0000000,12.50,12.50,S,3,10,11,15
370,155,1,2015-01-03,15:28:59.0000000,12.75,12.75,S,1,43,1,15
371,155,1,2015-01-03,15:28:59.0000000,20.50,20.50,L,2,72,1,15
372,155,1,2015-01-03,15:28:59.0000000,15.25,15.25,L,2,47,1,15
373,155,1,2015-01-03,15:28:59.0000000,20.75,20.75,L,3,4,1,15
374,156,1,2015-01-03,15:42:19.0000000,16.00,16.00,M,2,46,2,15
375,156,1,2015-01-03,15:42:19.0000000,20.75,20.75,L,1,11,2,15
376,157,1,2015-01-03,15:43:03.0000000,20.75,20.75,L,3,35,3,15
377,157,1,2015-01-03,15:43:03.0000000,16.00,16.00,M,4,8,3,15
378,157,1,2015-01-03,15:43:03.0000000,16.25,16.25,M,3,88,3,15
379,157,1,2015-01-03,15:43:03.0000000,16.50,16.50,M,4,52,3,15
380,158,1,2015-01-03,15:54:30.0000000,16.75,16.75,M,4,59,4,15
381,158,1,2015-01-03,15:54:30.0000000,16.75,16.75,M,1,17,4,15
382,159,1,2015-01-03,15:59:22.0000000,17.95,17.95,L,4,76,5,15
383,159,1,2015-01-03,15:59:22.0000000,16.75,16.75,M,1,17,5,15
384,160,1,2015-01-03,16:35:33.0000000,16.00,16.00,M,2,44,6,16
385,161,1,2015-01-03,16:43:46.0000000,10.50,10.50,S,2,16,7,16
386,161,1,2015-01-03,16:43:46.0000000,16.50,16.50,M,3,24,7,16
387,161,1,2015-01-03,16:43:46.0000000,25.50,25.50,XL,2,32,7,16
388,162,1,2015-01-03,16:51:22.0000000,12.00,12.00,S,2,63,8,16
389,163,1,2015-01-03,16:54:54.0000000,13.25,13.25,M,2,15,9,16
390,163,1,2015-01-03,16:54:54.0000000,15.25,15.25,L,2,47,9,16
391,163,1,2015-01-03,16:54:54.0000000,16.00,16.00,M,2,86,9,16
392,164,1,2015-01-03,16:56:33.0000000,20.75,20.75,L,1,19,10,16
393,164,1,2015-01-03,16:56:33.0000000,12.50,12.50,M,2,80,10,16
394,165,1,2015-01-03,16:57:37.0000000,16.50,16.50,M,3,61,11,16
395,166,1,2015-01-03,16:58:51.0000000,12.50,12.50,S,3,10,1,16
396,167,1,2015-01-03,17:00:49.0000000,20.75,20.75,L,1,31,2,17
397,167,1,2015-01-03,17:00:49.0000000,16.50,16.50,M,3,69,2,17
398,167,1,2015-01-03,17:00:49.0000000,12.50,12.50,M,2,80,2,17
399,168,1,2015-01-03,17:02:27.0000000,12.00,12.00,S,2,63,3,17
400,168,1,2015-01-03,17:02:27.0000000,16.00,16.00,M,4,18,3,17
401,169,1,2015-01-03,17:15:48.0000000,17.95,17.95,L,4,76,4,17
402,169,1,2015-01-03,17:15:48.0000000,12.00,12.00,S,2,58,4,17
403,169,1,2015-01-03,17:15:48.0000000,16.25,16.25,M,3,88,4,17
404,170,1,2015-01-03,17:21:31.0000000,16.50,16.50,L,2,64,5,17
405,171,1,2015-01-03,17:23:03.0000000,16.00,16.00,M,2,46,6,17
406,172,1,2015-01-03,17:29:24.0000000,12.00,12.00,S,2,65,7,17
407,172,1,2015-01-03,17:29:24.0000000,16.50,16.50,M,3,41,7,17
408,172,1,2015-01-03,17:29:24.0000000,20.75,20.75,L,1,11,7,17
409,173,1,2015-01-03,17:35:30.0000000,16.75,16.75,M,1,55,8,17
410,173,1,2015-01-03,17:35:30.0000000,16.00,16.00,M,2,44,8,17
411,173,1,2015-01-03,17:35:30.0000000,20.25,20.25,L,4,12,8,17
412,174,1,2015-01-03,17:37:49.0000000,12.00,12.00,S,2,63,9,17
413,174,1,2015-01-03,17:37:49.0000000,20.75,20.75,L,1,19,9,17
414,174,1,2015-01-03,17:37:49.0000000,16.75,16.75,M,1,55,9,17
415,174,1,2015-01-03,17:37:49.0000000,16.00,16.00,M,2,7,9,17
416,175,1,2015-01-03,17:50:51.0000000,20.75,20.75,L,3,35,10,17
417,176,1,2015-01-03,17:51:57.0000000,20.75,20.75,L,1,19,11,17
418,176,1,2015-01-03,17:51:57.0000000,16.50,16.50,M,3,22,11,17
419,177,1,2015-01-03,17:54:36.0000000,12.00,12.00,S,2,65,1,17
420,177,1,2015-01-03,17:54:36.0000000,20.75,20.75,L,1,11,1,17
421,178,1,2015-01-03,18:15:03.0000000,20.75,20.75,L,3,4,2,18
422,179,1,2015-01-03,18:20:14.0000000,16.50,16.50,L,2,64,3,18
423,179,1,2015-01-03,18:20:14.0000000,16.25,16.25,M,3,88,3,18
424,179,1,2015-01-03,18:20:14.0000000,12.00,12.00,S,4,91,3,18
425,180,1,2015-01-03,18:33:34.0000000,20.50,20.50,L,2,68,4,18
426,180,1,2015-01-03,18:33:34.0000000,20.75,20.75,L,3,87,4,18
427,181,1,2015-01-03,18:49:32.0000000,20.25,20.25,L,4,71,5,18
428,182,1,2015-01-03,18:50:10.0000000,23.65,23.65,S,3,1,6,18
429,182,1,2015-01-03,18:50:10.0000000,20.75,20.75,L,3,4,6,18
430,183,1,2015-01-03,18:54:55.0000000,16.00,16.00,M,2,46,7,18
431,183,1,2015-01-03,18:54:55.0000000,20.75,20.75,L,4,39,7,18
432,183,1,2015-01-03,18:54:55.0000000,12.50,12.50,S,4,40,7,18
433,184,1,2015-01-03,18:59:05.0000000,16.50,16.50,L,2,64,8,18
434,185,1,2015-01-03,19:08:33.0000000,16.25,16.25,M,3,88,9,19
435,185,1,2015-01-03,19:08:33.0000000,12.50,12.50,S,4,40,9,19
436,186,1,2015-01-03,19:36:00.0000000,20.25,20.25,L,4,71,10,19
437,186,1,2015-01-03,19:36:00.0000000,20.75,20.75,L,1,73,10,19
438,186,1,2015-01-03,19:36:00.0000000,20.75,20.75,L,4,39,10,19
439,186,1,2015-01-03,19:36:00.0000000,20.75,20.75,L,1,11,10,19
440,187,1,2015-01-03,19:37:12.0000000,18.50,18.50,L,4,75,11,19
441,187,1,2015-01-03,19:37:12.0000000,20.75,20.75,L,4,39,11,19
442,188,1,2015-01-03,20:08:39.0000000,18.50,18.50,L,4,75,1,20
443,188,1,2015-01-03,20:08:39.0000000,9.75,9.75,S,2,23,1,20
444,188,1,2015-01-03,20:08:39.0000000,20.75,20.75,L,3,4,1,20
445,189,2,2015-01-03,20:12:14.0000000,12.00,24.00,S,2,63,2,20
446,189,1,2015-01-03,20:12:14.0000000,12.75,12.75,S,1,81,2,20
447,190,1,2015-01-03,20:14:23.0000000,20.75,20.75,L,1,31,3,20
448,190,1,2015-01-03,20:14:23.0000000,14.75,14.75,M,4,20,3,20
449,190,1,2015-01-03,20:14:23.0000000,11.00,11.00,S,2,9,3,20
450,190,1,2015-01-03,20:14:23.0000000,20.75,20.75,L,3,87,3,20
451,191,1,2015-01-03,20:24:50.0000000,20.75,20.75,L,1,19,4,20
452,191,1,2015-01-03,20:24:50.0000000,16.75,16.75,M,1,56,4,20
453,192,1,2015-01-03,20:30:08.0000000,12.25,12.25,S,3,37,5,20
454,192,1,2015-01-03,20:30:08.0000000,20.75,20.75,L,1,73,5,20
455,193,1,2015-01-03,20:55:47.0000000,12.00,12.00,S,2,63,6,20
456,193,1,2015-01-03,20:55:47.0000000,16.75,16.75,M,1,55,6,20
457,193,2,2015-01-03,20:55:47.0000000,20.75,41.50,L,1,14,6,20
458,194,1,2015-01-03,21:21:24.0000000,12.75,12.75,S,1,13,7,21
459,195,1,2015-01-03,21:25:20.0000000,20.75,20.75,L,1,31,8,21
460,196,1,2015-01-03,21:40:14.0000000,12.25,12.25,S,3,37,9,21
461,196,1,2015-01-03,21:40:14.0000000,16.50,16.50,M,3,24,9,21
462,196,1,2015-01-03,21:40:14.0000000,16.00,16.00,M,4,18,9,21
463,197,1,2015-01-03,21:47:48.0000000,17.95,17.95,L,4,76,10,21
464,197,1,2015-01-03,21:47:48.0000000,20.50,20.50,L,2,45,10,21
465,197,1,2015-01-03,21:47:48.0000000,21.00,21.00,L,4,21,10,21
466,197,1,2015-01-03,21:47:48.0000000,20.75,20.75,L,3,38,10,21
467,198,1,2015-01-03,21:55:42.0000000,12.00,12.00,S,2,63,11,21
468,198,1,2015-01-03,21:55:42.0000000,20.75,20.75,L,1,14,11,21
469,199,1,2015-01-03,22:10:38.0000000,16.75,16.75,M,1,56,1,22
470,200,1,2015-01-03,22:24:05.0000000,25.50,25.50,XL,2,32,2,22
471,201,1,2015-01-03,22:29:59.0000000,16.25,16.25,M,3,42,3,22
472,201,1,2015-01-03,22:29:59.0000000,20.75,20.75,L,1,84,3,22
473,201,1,2015-01-03,22:29:59.0000000,20.75,20.75,L,3,35,3,22
474,201,1,2015-01-03,22:29:59.0000000,25.50,25.50,XL,2,32,3,22
475,202,1,2015-01-03,22:50:29.0000000,12.75,12.75,S,1,67,4,22
476,203,1,2015-01-04,11:30:48.0000000,20.75,20.75,L,1,19,5,11
477,203,1,2015-01-04,11:30:48.0000000,16.75,16.75,M,4,59,5,11
478,203,1,2015-01-04,11:30:48.0000000,17.50,17.50,L,2,27,5,11
479,203,1,2015-01-04,11:30:48.0000000,12.00,12.00,S,2,57,5,11
480,204,1,2015-01-04,11:36:25.0000000,20.75,20.75,L,3,49,6,11
481,205,1,2015-01-04,11:43:54.0000000,12.75,12.75,S,1,67,7,11
482,205,1,2015-01-04,11:43:54.0000000,16.75,16.75,M,1,56,7,11
483,205,1,2015-01-04,11:43:54.0000000,12.50,12.50,S,3,10,7,11
484,206,1,2015-01-04,11:45:10.0000000,16.00,16.00,M,2,46,8,11
485,206,1,2015-01-04,11:45:10.0000000,9.75,9.75,S,2,23,8,11
486,206,1,2015-01-04,11:45:10.0000000,20.75,20.75,L,3,49,8,11
487,207,1,2015-01-04,12:03:58.0000000,20.75,20.75,L,3,49,9,12
488,208,1,2015-01-04,12:12:05.0000000,20.75,20.75,L,1,31,10,12
489,208,1,2015-01-04,12:12:05.0000000,12.75,12.75,S,1,13,10,12
490,208,1,2015-01-04,12:12:05.0000000,16.75,16.75,M,1,56,10,12
491,208,1,2015-01-04,12:12:05.0000000,12.50,12.50,M,2,80,10,12
492,208,1,2015-01-04,12:12:05.0000000,16.00,16.00,M,2,86,10,12
493,209,1,2015-01-04,12:29:17.0000000,20.75,20.75,L,1,19,11,12
494,210,1,2015-01-04,12:34:13.0000000,12.00,12.00,S,4,51,1,12
495,211,1,2015-01-04,12:54:20.0000000,9.75,9.75,S,2,23,2,12
496,212,1,2015-01-04,13:16:03.0000000,20.50,20.50,L,2,45,3,13
497,213,1,2015-01-04,13:20:39.0000000,17.95,17.95,L,4,76,4,13
498,214,1,2015-01-04,13:39:16.0000000,20.50,20.50,L,2,45,5,13
499,214,1,2015-01-04,13:39:16.0000000,16.50,16.50,M,3,69,5,13
500,214,1,2015-01-04,13:39:16.0000000,12.00,12.00,S,4,36,5,13
501,214,1,2015-01-04,13:39:16.0000000,16.50,16.50,M,4,52,5,13
502,215,1,2015-01-04,13:44:49.0000000,12.00,12.00,S,4,3,6,13
503,216,1,2015-01-04,14:31:56.0000000,16.75,16.75,M,1,82,7,14
504,216,1,2015-01-04,14:31:56.0000000,18.50,18.50,L,4,75,7,14
505,216,1,2015-01-04,14:31:56.0000000,16.50,16.50,L,2,64,7,14
506,217,1,2015-01-04,14:35:03.0000000,16.00,16.00,M,2,44,8,14
507,217,1,2015-01-04,14:35:03.0000000,12.00,12.00,S,4,51,8,14
508,218,1,2015-01-04,14:35:11.0000000,16.50,16.50,M,3,24,9,14
509,219,1,2015-01-04,14:42:01.0000000,20.75,20.75,L,1,31,10,14
510,219,1,2015-01-04,14:42:01.0000000,18.50,18.50,L,4,75,10,14
511,219,1,2015-01-04,14:42:01.0000000,16.50,16.50,M,3,22,10,14
512,219,1,2015-01-04,14:42:01.0000000,16.00,16.00,M,4,50,10,14
513,220,1,2015-01-04,15:31:59.0000000,10.50,10.50,S,2,16,11,15
514,220,1,2015-01-04,15:31:59.0000000,12.00,12.00,S,2,58,11,15
515,220,1,2015-01-04,15:31:59.0000000,20.50,20.50,L,2,72,11,15
516,220,1,2015-01-04,15:31:59.0000000,20.75,20.75,L,3,49,11,15
517,221,1,2015-01-04,15:33:18.0000000,18.50,18.50,L,4,75,1,15
518,221,1,2015-01-04,15:33:18.0000000,16.50,16.50,M,3,61,1,15
519,221,1,2015-01-04,15:33:18.0000000,12.00,12.00,S,2,57,1,15
520,222,1,2015-01-04,15:46:38.0000000,17.95,17.95,L,4,76,2,15
521,222,1,2015-01-04,15:46:38.0000000,12.25,12.25,S,3,37,2,15
522,223,1,2015-01-04,16:08:20.0000000,11.00,11.00,S,2,9,3,16
523,224,1,2015-01-04,16:39:58.0000000,12.75,12.75,S,1,83,4,16
524,224,1,2015-01-04,16:39:58.0000000,16.50,16.50,M,3,69,4,16
525,224,1,2015-01-04,16:39:58.0000000,16.00,16.00,M,2,46,4,16
526,224,1,2015-01-04,16:39:58.0000000,20.75,20.75,L,1,11,4,16
527,225,1,2015-01-04,16:41:48.0000000,20.75,20.75,L,1,31,5,16
528,225,1,2015-01-04,16:41:48.0000000,16.75,16.75,M,1,82,5,16
529,225,1,2015-01-04,16:41:48.0000000,12.75,12.75,S,1,89,5,16
530,226,1,2015-01-04,16:59:39.0000000,20.50,20.50,L,2,68,6,16
531,227,1,2015-01-04,17:24:39.0000000,16.75,16.75,M,1,82,7,17
532,227,1,2015-01-04,17:24:39.0000000,16.00,16.00,M,2,86,7,17
533,228,1,2015-01-04,17:31:24.0000000,12.75,12.75,S,4,60,8,17
534,229,1,2015-01-04,17:37:57.0000000,21.00,21.00,L,4,21,9,17
535,229,1,2015-01-04,17:37:57.0000000,20.75,20.75,L,3,87,9,17
536,229,1,2015-01-04,17:37:57.0000000,12.50,12.50,S,4,40,9,17
537,230,1,2015-01-04,17:58:38.0000000,16.75,16.75,M,1,17,10,17
538,231,1,2015-01-04,18:04:18.0000000,20.75,20.75,L,1,19,11,18
539,231,1,2015-01-04,18:04:18.0000000,12.00,12.00,S,2,65,11,18
540,231,1,2015-01-04,18:04:18.0000000,12.50,12.50,S,3,10,11,18
541,232,1,2015-01-04,18:21:59.0000000,16.75,16.75,M,1,82,1,18
542,232,1,2015-01-04,18:21:59.0000000,20.75,20.75,L,3,90,1,18
543,233,1,2015-01-04,18:26:51.0000000,12.00,12.00,S,4,51,2,18
544,234,1,2015-01-04,18:36:09.0000000,16.75,16.75,M,1,56,3,18
545,234,1,2015-01-04,18:36:09.0000000,12.50,12.50,S,3,78,3,18
546,234,1,2015-01-04,18:36:09.0000000,16.00,16.00,M,2,46,3,18
547,235,1,2015-01-04,18:51:30.0000000,16.75,16.75,M,1,55,4,18
548,236,1,2015-01-04,19:21:04.0000000,20.50,20.50,L,2,68,5,19
549,236,1,2015-01-04,19:21:04.0000000,16.00,16.00,M,4,34,5,19
550,237,1,2015-01-04,19:27:48.0000000,12.00,12.00,S,4,3,6,19
551,238,1,2015-01-04,19:45:15.0000000,20.75,20.75,L,4,39,7,19
552,239,1,2015-01-04,19:57:52.0000000,20.75,20.75,L,3,35,8,19
553,239,1,2015-01-04,19:57:52.0000000,16.75,16.75,M,1,17,8,19
554,240,1,2015-01-04,20:10:24.0000000,14.75,14.75,M,4,20,9,20
555,241,1,2015-01-04,20:11:25.0000000,16.25,16.25,M,3,88,10,20
556,241,1,2015-01-04,20:11:25.0000000,20.75,20.75,L,3,90,10,20
557,242,1,2015-01-04,20:15:29.0000000,16.25,16.25,M,3,42,11,20
558,242,1,2015-01-04,20:15:29.0000000,20.75,20.75,L,1,11,11,20
559,242,1,2015-01-04,20:15:29.0000000,16.00,16.00,M,4,18,11,20
560,243,1,2015-01-04,20:26:17.0000000,20.50,20.50,L,2,68,1,20
561,243,1,2015-01-04,20:26:17.0000000,12.50,12.50,S,3,53,1,20
562,244,1,2015-01-04,20:26:22.0000000,12.50,12.50,S,3,78,2,20
563,244,1,2015-01-04,20:26:22.0000000,20.75,20.75,L,3,49,2,20
564,245,1,2015-01-04,20:28:41.0000000,20.75,20.75,L,1,31,3,20
565,245,1,2015-01-04,20:28:41.0000000,20.75,20.75,L,1,84,3,20
566,246,1,2015-01-04,20:30:48.0000000,16.75,16.75,M,1,56,4,20
567,246,1,2015-01-04,20:30:48.0000000,15.25,15.25,L,2,47,4,20
568,247,1,2015-01-04,20:55:29.0000000,13.25,13.25,M,2,15,5,20
569,247,1,2015-01-04,20:55:29.0000000,16.25,16.25,M,3,88,5,20
570,247,1,2015-01-04,20:55:29.0000000,12.50,12.50,S,3,53,5,20
571,248,1,2015-01-04,20:58:19.0000000,10.50,10.50,S,2,16,6,20
572,248,1,2015-01-04,20:58:19.0000000,20.75,20.75,L,1,11,6,20
573,249,1,2015-01-04,21:06:16.0000000,20.75,20.75,L,1,31,7,21
574,249,1,2015-01-04,21:06:16.0000000,12.25,12.25,S,3,54,7,21
575,250,1,2015-01-04,21:07:05.0000000,14.75,14.75,M,4,20,8,21
576,251,1,2015-01-04,21:10:05.0000000,16.00,16.00,M,4,79,9,21
577,252,1,2015-01-04,22:13:15.0000000,16.50,16.50,M,3,61,10,22
578,253,1,2015-01-04,22:16:18.0000000,23.65,23.65,S,3,1,11,22
579,254,1,2015-01-04,22:22:13.0000000,20.75,20.75,L,1,31,1,22
580,254,1,2015-01-04,22:22:13.0000000,23.65,23.65,S,3,1,1,22
581,254,1,2015-01-04,22:22:13.0000000,18.50,18.50,L,4,75,1,22
582,255,1,2015-01-05,11:23:35.0000000,18.50,18.50,L,4,75,2,11
583,255,1,2015-01-05,11:23:35.0000000,16.00,16.00,M,4,34,2,11
584,255,1,2015-01-05,11:23:35.0000000,16.50,16.50,L,2,64,2,11
585,255,1,2015-01-05,11:23:35.0000000,16.00,16.00,M,4,50,2,11
586,256,1,2015-01-05,11:56:06.0000000,17.50,17.50,L,2,27,3,11
587,257,1,2015-01-05,11:59:04.0000000,20.75,20.75,L,1,19,4,11
588,257,1,2015-01-05,11:59:04.0000000,20.75,20.75,L,1,14,4,11
589,258,1,2015-01-05,11:59:23.0000000,16.00,16.00,M,2,44,5,11
590,259,1,2015-01-05,12:04:25.0000000,15.25,15.25,L,2,47,6,12
591,260,1,2015-01-05,12:06:27.0000000,18.50,18.50,L,4,75,7,12
592,260,1,2015-01-05,12:06:27.0000000,20.50,20.50,L,2,85,7,12
593,261,1,2015-01-05,12:38:29.0000000,23.65,23.65,S,3,1,8,12
594,262,1,2015-01-05,12:42:01.0000000,16.75,16.75,M,1,55,9,12
595,263,1,2015-01-05,12:57:22.0000000,20.75,20.75,L,4,39,10,12
596,264,1,2015-01-05,13:03:59.0000000,16.00,16.00,M,4,79,11,13
597,265,1,2015-01-05,13:04:42.0000000,16.75,16.75,M,1,56,1,13
598,265,1,2015-01-05,13:04:42.0000000,20.25,20.25,L,4,71,1,13
599,265,1,2015-01-05,13:04:42.0000000,16.25,16.25,M,3,88,1,13
600,265,1,2015-01-05,13:04:42.0000000,20.75,20.75,L,3,49,1,13
601,266,1,2015-01-05,13:09:29.0000000,16.50,16.50,M,3,22,2,13
602,267,1,2015-01-05,13:37:50.0000000,17.95,17.95,L,4,76,3,13
603,267,1,2015-01-05,13:37:50.0000000,20.25,20.25,L,4,26,3,13
604,267,1,2015-01-05,13:37:50.0000000,12.00,12.00,S,2,65,3,13
605,268,1,2015-01-05,13:40:46.0000000,20.75,20.75,L,3,35,4,13
606,268,1,2015-01-05,13:40:46.0000000,9.75,9.75,S,2,23,4,13
607,269,1,2015-01-05,13:49:34.0000000,16.75,16.75,M,1,56,5,13
608,270,1,2015-01-05,14:09:02.0000000,20.75,20.75,L,1,73,6,14
609,270,1,2015-01-05,14:09:02.0000000,20.75,20.75,L,4,39,6,14
610,270,1,2015-01-05,14:09:02.0000000,20.75,20.75,L,1,11,6,14
611,271,1,2015-01-05,14:22:19.0000000,12.00,12.00,S,2,63,7,14
612,271,2,2015-01-05,14:22:19.0000000,16.75,33.50,M,1,55,7,14
613,271,2,2015-01-05,14:22:19.0000000,16.75,33.50,M,1,56,7,14
614,271,2,2015-01-05,14:22:19.0000000,20.75,41.50,L,1,84,7,14
615,271,1,2015-01-05,14:22:19.0000000,16.00,16.00,M,2,44,7,14
616,271,1,2015-01-05,14:22:19.0000000,16.50,16.50,M,3,69,7,14
617,271,1,2015-01-05,14:22:19.0000000,12.25,12.25,S,3,37,7,14
618,271,1,2015-01-05,14:22:19.0000000,16.50,16.50,M,3,62,7,14
619,271,1,2015-01-05,14:22:19.0000000,16.75,16.75,M,1,6,7,14
620,271,1,2015-01-05,14:22:19.0000000,12.00,12.00,S,2,57,7,14
621,272,1,2015-01-05,14:24:05.0000000,16.50,16.50,M,3,69,8,14
622,273,1,2015-01-05,14:28:00.0000000,12.50,12.50,S,3,48,9,14
623,274,1,2015-01-05,14:36:33.0000000,17.95,17.95,L,4,76,10,14
624,274,1,2015-01-05,14:36:33.0000000,20.75,20.75,L,1,11,10,14
625,275,1,2015-01-05,14:38:14.0000000,20.50,20.50,L,2,68,11,14
626,275,1,2015-01-05,14:38:14.0000000,18.50,18.50,L,4,75,11,14
627,275,1,2015-01-05,14:38:14.0000000,9.75,9.75,S,2,23,11,14
628,275,1,2015-01-05,14:38:14.0000000,16.25,16.25,M,3,88,11,14
629,276,1,2015-01-05,15:18:18.0000000,18.50,18.50,L,4,75,1,15
630,276,1,2015-01-05,15:18:18.0000000,20.75,20.75,L,3,49,1,15
631,277,1,2015-01-05,15:41:50.0000000,14.75,14.75,M,4,20,2,15
632,278,1,2015-01-05,15:49:21.0000000,16.75,16.75,M,4,59,3,15
633,278,1,2015-01-05,15:49:21.0000000,20.75,20.75,L,1,73,3,15
634,279,1,2015-01-05,16:07:03.0000000,16.75,16.75,M,1,55,4,16
635,279,1,2015-01-05,16:07:03.0000000,16.75,16.75,M,1,56,4,16
636,280,1,2015-01-05,16:20:23.0000000,16.50,16.50,M,3,61,5,16
637,280,1,2015-01-05,16:20:23.0000000,16.00,16.00,M,4,18,5,16
638,281,1,2015-01-05,16:33:48.0000000,12.25,12.25,S,3,37,6,16
639,282,1,2015-01-05,16:49:38.0000000,12.00,12.00,S,2,74,7,16
640,282,1,2015-01-05,16:49:38.0000000,18.50,18.50,L,4,75,7,16
641,282,1,2015-01-05,16:49:38.0000000,20.75,20.75,L,3,4,7,16
642,282,1,2015-01-05,16:49:38.0000000,20.75,20.75,L,4,39,7,16
643,283,1,2015-01-05,16:51:43.0000000,16.00,16.00,M,2,46,8,16
644,284,1,2015-01-05,16:58:16.0000000,14.75,14.75,M,4,20,9,16
645,284,1,2015-01-05,16:58:16.0000000,10.50,10.50,S,2,16,9,16
646,284,1,2015-01-05,16:58:16.0000000,16.00,16.00,M,2,46,9,16
647,285,1,2015-01-05,16:58:38.0000000,20.75,20.75,L,3,87,10,16
648,286,1,2015-01-05,17:01:23.0000000,16.50,16.50,M,3,69,11,17
649,286,1,2015-01-05,17:01:23.0000000,20.75,20.75,L,3,4,11,17
650,287,1,2015-01-05,17:30:09.0000000,16.50,16.50,M,3,69,1,17
651,287,1,2015-01-05,17:30:09.0000000,14.50,14.50,M,2,5,1,17
652,287,1,2015-01-05,17:30:09.0000000,12.50,12.50,M,2,80,1,17
653,287,1,2015-01-05,17:30:09.0000000,12.25,12.25,S,3,37,1,17
654,288,1,2015-01-05,17:32:44.0000000,23.65,23.65,S,3,1,2,17
655,288,1,2015-01-05,17:32:44.0000000,20.75,20.75,L,3,87,2,17
656,288,1,2015-01-05,17:32:44.0000000,20.75,20.75,L,3,90,2,17
657,289,1,2015-01-05,17:36:23.0000000,18.50,18.50,L,4,75,3,17
658,290,1,2015-01-05,17:41:16.0000000,12.00,12.00,S,2,74,4,17
659,290,1,2015-01-05,17:41:16.0000000,16.00,16.00,M,4,18,4,17
660,291,1,2015-01-05,17:44:39.0000000,20.75,20.75,L,1,31,5,17
661,291,2,2015-01-05,17:44:39.0000000,16.75,33.50,M,1,56,5,17
662,291,1,2015-01-05,17:44:39.0000000,14.75,14.75,M,4,20,5,17
663,292,1,2015-01-05,17:48:59.0000000,16.50,16.50,M,4,52,6,17
664,292,1,2015-01-05,17:48:59.0000000,20.25,20.25,L,4,30,6,17
665,293,1,2015-01-05,17:58:38.0000000,12.00,12.00,S,2,74,7,17
666,293,1,2015-01-05,17:58:38.0000000,12.75,12.75,S,4,60,7,17
667,294,1,2015-01-05,18:16:35.0000000,16.75,16.75,M,1,82,8,18
668,294,1,2015-01-05,18:16:35.0000000,20.75,20.75,L,3,35,8,18
669,294,1,2015-01-05,18:16:35.0000000,20.75,20.75,L,1,11,8,18
670,295,1,2015-01-05,18:20:12.0000000,16.75,16.75,M,1,55,9,18
671,296,1,2015-01-05,18:46:54.0000000,12.00,12.00,S,4,3,10,18
672,296,1,2015-01-05,18:46:54.0000000,12.00,12.00,S,2,58,10,18
673,296,1,2015-01-05,18:46:54.0000000,16.75,16.75,M,1,17,10,18
674,297,1,2015-01-05,19:02:18.0000000,16.75,16.75,M,1,6,11,19
675,298,1,2015-01-05,19:10:36.0000000,16.75,16.75,M,1,55,1,19
676,298,1,2015-01-05,19:10:36.0000000,12.75,12.75,S,1,67,1,19
677,298,1,2015-01-05,19:10:36.0000000,16.75,16.75,M,1,56,1,19
678,298,1,2015-01-05,19:10:36.0000000,12.00,12.00,S,2,74,1,19
679,299,1,2015-01-05,19:34:31.0000000,12.00,12.00,S,2,74,2,19
680,299,1,2015-01-05,19:34:31.0000000,16.00,16.00,M,4,50,2,19
681,300,1,2015-01-05,19:42:54.0000000,12.00,12.00,S,2,63,3,19
682,300,1,2015-01-05,19:42:54.0000000,12.00,12.00,S,2,58,3,19
683,300,1,2015-01-05,19:42:54.0000000,12.75,12.75,S,4,60,3,19
684,300,1,2015-01-05,19:42:54.0000000,12.50,12.50,S,3,53,3,19
685,301,1,2015-01-05,19:45:58.0000000,20.50,20.50,L,2,72,4,19
686,302,1,2015-01-05,19:57:37.0000000,20.75,20.75,L,3,4,5,19
687,303,1,2015-01-05,20:02:51.0000000,12.00,12.00,S,2,63,6,20
688,303,1,2015-01-05,20:02:51.0000000,16.00,16.00,M,2,7,6,20
689,303,1,2015-01-05,20:02:51.0000000,9.75,9.75,S,2,23,6,20
690,304,1,2015-01-05,20:07:58.0000000,10.50,10.50,S,2,16,7,20
691,304,1,2015-01-05,20:07:58.0000000,20.25,20.25,L,4,71,7,20
692,305,1,2015-01-05,20:35:40.0000000,15.25,15.25,L,2,47,8,20
693,305,1,2015-01-05,20:35:40.0000000,12.25,12.25,S,3,37,8,20
694,305,1,2015-01-05,20:35:40.0000000,16.50,16.50,M,3,24,8,20
695,306,1,2015-01-05,20:37:40.0000000,12.00,12.00,S,2,63,9,20
696,306,1,2015-01-05,20:37:40.0000000,10.50,10.50,S,2,16,9,20
697,306,1,2015-01-05,20:37:40.0000000,16.00,16.00,M,2,46,9,20
698,307,1,2015-01-05,21:45:38.0000000,20.50,20.50,L,2,68,10,21
699,307,1,2015-01-05,21:45:38.0000000,16.75,16.75,M,1,17,10,21
700,308,1,2015-01-05,21:59:46.0000000,16.50,16.50,L,2,64,11,21
701,308,1,2015-01-05,21:59:46.0000000,17.50,17.50,L,2,27,11,21
702,308,1,2015-01-05,21:59:46.0000000,12.75,12.75,S,1,81,11,21
703,309,1,2015-01-06,11:39:06.0000000,18.50,18.50,L,4,75,1,11
704,309,1,2015-01-06,11:39:06.0000000,16.50,16.50,M,3,22,1,11
705,310,1,2015-01-06,11:40:48.0000000,10.50,10.50,S,2,16,2,11
706,310,1,2015-01-06,11:40:48.0000000,12.75,12.75,S,1,81,2,11
707,311,1,2015-01-06,11:57:27.0000000,20.25,20.25,L,3,28,3,11
708,312,1,2015-01-06,12:05:21.0000000,12.00,12.00,S,2,63,4,12
709,312,1,2015-01-06,12:05:21.0000000,23.65,23.65,S,3,1,4,12
710,312,1,2015-01-06,12:05:21.0000000,16.75,16.75,M,1,56,4,12
711,312,1,2015-01-06,12:05:21.0000000,16.25,16.25,M,3,88,4,12
712,313,1,2015-01-06,12:09:09.0000000,16.00,16.00,M,2,44,5,12
713,314,1,2015-01-06,12:11:58.0000000,16.25,16.25,M,3,42,6,12
714,314,1,2015-01-06,12:11:58.0000000,18.50,18.50,L,4,75,6,12
715,314,1,2015-01-06,12:11:58.0000000,16.00,16.00,M,4,34,6,12
716,314,1,2015-01-06,12:11:58.0000000,13.25,13.25,M,2,15,6,12
717,314,1,2015-01-06,12:11:58.0000000,16.00,16.00,M,4,18,6,12
718,315,1,2015-01-06,12:17:40.0000000,16.00,16.00,M,2,44,7,12
719,316,1,2015-01-06,12:29:34.0000000,10.50,10.50,S,2,16,8,12
720,316,1,2015-01-06,12:29:34.0000000,16.50,16.50,M,3,69,8,12
721,317,1,2015-01-06,12:31:00.0000000,12.75,12.75,S,1,67,9,12
722,317,1,2015-01-06,12:31:00.0000000,16.00,16.00,M,2,44,9,12
723,317,1,2015-01-06,12:31:00.0000000,17.95,17.95,L,4,76,9,12
724,317,1,2015-01-06,12:31:00.0000000,10.50,10.50,S,2,16,9,12
725,317,1,2015-01-06,12:31:00.0000000,17.50,17.50,L,2,27,9,12
726,317,1,2015-01-06,12:31:00.0000000,12.50,12.50,S,3,10,9,12
727,317,1,2015-01-06,12:31:00.0000000,12.00,12.00,S,4,51,9,12
728,318,1,2015-01-06,12:45:14.0000000,20.50,20.50,L,2,45,10,12
729,318,1,2015-01-06,12:45:14.0000000,20.25,20.25,L,4,71,10,12
730,318,1,2015-01-06,12:45:14.0000000,12.50,12.50,S,3,48,10,12
731,318,1,2015-01-06,12:45:14.0000000,20.75,20.75,L,3,49,10,12
732,319,1,2015-01-06,12:46:22.0000000,16.50,16.50,M,3,69,11,12
733,320,1,2015-01-06,12:46:40.0000000,16.75,16.75,M,1,55,1,12
734,320,1,2015-01-06,12:46:40.0000000,20.75,20.75,L,1,84,1,12
735,321,1,2015-01-06,12:56:21.0000000,20.75,20.75,L,3,35,2,12
736,322,1,2015-01-06,13:02:13.0000000,20.75,20.75,L,1,19,3,13
737,322,1,2015-01-06,13:02:13.0000000,20.75,20.75,L,1,84,3,13
738,322,1,2015-01-06,13:02:13.0000000,12.00,12.00,S,2,74,3,13
739,322,1,2015-01-06,13:02:13.0000000,20.75,20.75,L,1,11,3,13
740,323,1,2015-01-06,13:05:33.0000000,16.00,16.00,M,2,44,4,13
741,324,1,2015-01-06,13:06:44.0000000,18.50,18.50,L,4,75,5,13
742,325,1,2015-01-06,13:07:32.0000000,12.00,12.00,S,2,74,6,13
743,325,1,2015-01-06,13:07:32.0000000,12.00,12.00,S,4,91,6,13
744,326,1,2015-01-06,13:10:13.0000000,16.75,16.75,M,1,55,7,13
745,326,1,2015-01-06,13:10:13.0000000,20.75,20.75,L,3,90,7,13
746,327,1,2015-01-06,13:10:54.0000000,16.00,16.00,M,2,44,8,13
747,328,1,2015-01-06,13:16:35.0000000,20.25,20.25,L,4,26,9,13
748,329,1,2015-01-06,13:22:44.0000000,20.75,20.75,L,3,49,10,13
749,329,1,2015-01-06,13:22:44.0000000,16.50,16.50,M,3,41,10,13
750,330,1,2015-01-06,13:27:11.0000000,12.00,12.00,S,2,63,11,13
751,330,1,2015-01-06,13:27:11.0000000,16.75,16.75,M,1,56,11,13
752,330,1,2015-01-06,13:27:11.0000000,16.00,16.00,M,2,44,11,13
753,330,1,2015-01-06,13:27:11.0000000,12.00,12.00,S,2,74,11,13
754,330,1,2015-01-06,13:27:11.0000000,18.50,18.50,L,4,75,11,13
755,330,2,2015-01-06,13:27:11.0000000,17.95,35.90,L,4,76,11,13
756,330,1,2015-01-06,13:27:11.0000000,16.50,16.50,L,2,64,11,13
757,330,1,2015-01-06,13:27:11.0000000,17.50,17.50,L,2,27,11,13
758,330,1,2015-01-06,13:27:11.0000000,12.50,12.50,S,3,66,11,13
759,330,1,2015-01-06,13:27:11.0000000,20.25,20.25,L,3,28,11,13
760,330,1,2015-01-06,13:27:11.0000000,20.75,20.75,L,3,49,11,13
761,330,1,2015-01-06,13:27:11.0000000,16.50,16.50,M,3,24,11,13
762,330,1,2015-01-06,13:27:11.0000000,20.25,20.25,L,4,30,11,13
763,330,1,2015-01-06,13:27:11.0000000,16.00,16.00,M,2,86,11,13
764,331,1,2015-01-06,13:43:30.0000000,16.50,16.50,M,3,61,1,13
765,332,1,2015-01-06,14:12:01.0000000,16.25,16.25,M,3,88,2,14
766,332,1,2015-01-06,14:12:01.0000000,20.75,20.75,L,1,73,2,14
767,332,1,2015-01-06,14:12:01.0000000,16.75,16.75,M,1,17,2,14
768,333,1,2015-01-06,14:16:36.0000000,16.75,16.75,M,1,56,3,14
769,334,1,2015-01-06,14:24:18.0000000,20.25,20.25,L,3,2,4,14
770,334,1,2015-01-06,14:24:18.0000000,12.50,12.50,M,2,80,4,14
771,334,1,2015-01-06,14:24:18.0000000,16.75,16.75,M,1,6,4,14
772,334,1,2015-01-06,14:24:18.0000000,20.75,20.75,L,1,11,4,14
773,335,1,2015-01-06,14:24:47.0000000,20.25,20.25,L,4,26,5,14
774,336,1,2015-01-06,14:51:41.0000000,20.75,20.75,L,3,87,6,14
775,337,1,2015-01-06,15:03:12.0000000,16.50,16.50,L,2,64,7,15
776,337,1,2015-01-06,15:03:12.0000000,15.25,15.25,L,2,47,7,15
777,338,1,2015-01-06,15:18:26.0000000,20.25,20.25,L,4,71,8,15
778,338,1,2015-01-06,15:18:26.0000000,20.75,20.75,L,1,11,8,15
779,338,1,2015-01-06,15:18:26.0000000,25.50,25.50,XL,2,32,8,15
780,339,1,2015-01-06,15:25:13.0000000,16.50,16.50,M,3,24,9,15
781,340,1,2015-01-06,15:35:32.0000000,12.50,12.50,S,3,66,10,15
782,341,1,2015-01-06,15:35:47.0000000,16.75,16.75,M,1,82,11,15
783,341,1,2015-01-06,15:35:47.0000000,9.75,9.75,S,2,23,11,15
784,342,1,2015-01-06,15:44:12.0000000,20.25,20.25,L,3,28,1,15
785,342,1,2015-01-06,15:44:12.0000000,20.75,20.75,L,1,73,1,15
786,343,1,2015-01-06,15:45:37.0000000,18.50,18.50,L,4,75,2,15
787,343,1,2015-01-06,15:45:37.0000000,14.75,14.75,M,4,20,2,15
788,344,1,2015-01-06,16:01:11.0000000,16.00,16.00,M,2,7,3,16
789,345,1,2015-01-06,16:01:47.0000000,12.50,12.50,S,3,66,4,16
790,345,1,2015-01-06,16:01:47.0000000,12.00,12.00,S,4,51,4,16
791,346,1,2015-01-06,16:30:00.0000000,12.00,12.00,S,4,3,5,16
792,346,1,2015-01-06,16:30:00.0000000,10.50,10.50,S,2,16,5,16
793,346,1,2015-01-06,16:30:00.0000000,20.50,20.50,L,2,45,5,16
794,346,1,2015-01-06,16:30:00.0000000,12.00,12.00,S,2,65,5,16
795,347,1,2015-01-06,16:37:17.0000000,20.25,20.25,L,4,30,6,16
796,347,1,2015-01-06,16:37:17.0000000,20.75,20.75,L,1,11,6,16
797,347,1,2015-01-06,16:37:17.0000000,16.00,16.00,M,4,18,6,16
798,348,1,2015-01-06,16:49:12.0000000,16.00,16.00,M,2,44,7,16
799,348,1,2015-01-06,16:49:12.0000000,20.75,20.75,L,1,11,7,16
800,348,1,2015-01-06,16:49:12.0000000,12.75,12.75,S,1,81,7,16
801,349,1,2015-01-06,17:25:58.0000000,15.25,15.25,L,2,47,8,17
802,350,1,2015-01-06,17:37:05.0000000,20.50,20.50,L,2,68,9,17
803,350,2,2015-01-06,17:37:05.0000000,12.50,25.00,M,2,80,9,17
804,350,1,2015-01-06,17:37:05.0000000,12.50,12.50,S,3,29,9,17
805,351,1,2015-01-06,17:37:29.0000000,12.00,12.00,S,2,63,10,17
806,351,1,2015-01-06,17:37:29.0000000,13.25,13.25,M,2,15,10,17
807,352,1,2015-01-06,17:45:48.0000000,12.00,12.00,S,2,63,11,17
808,352,1,2015-01-06,17:45:48.0000000,20.50,20.50,L,2,45,11,17
809,353,1,2015-01-06,17:59:48.0000000,20.75,20.75,L,1,31,1,17
810,353,1,2015-01-06,17:59:48.0000000,20.75,20.75,L,1,19,1,17
811,353,1,2015-01-06,17:59:48.0000000,12.50,12.50,S,3,10,1,17
812,354,1,2015-01-06,18:01:44.0000000,12.00,12.00,S,4,3,2,18
813,354,1,2015-01-06,18:01:44.0000000,20.25,20.25,L,4,12,2,18
814,355,1,2015-01-06,18:14:45.0000000,16.75,16.75,M,1,56,3,18
815,355,1,2015-01-06,18:14:45.0000000,16.50,16.50,M,3,69,3,18
816,356,1,2015-01-06,18:16:05.0000000,16.75,16.75,M,1,56,4,18
817,357,1,2015-01-06,18:27:58.0000000,20.75,20.75,L,1,19,5,18
818,357,1,2015-01-06,18:27:58.0000000,12.75,12.75,S,1,89,5,18
819,357,1,2015-01-06,18:27:58.0000000,12.00,12.00,S,4,51,5,18
820,358,1,2015-01-06,18:30:12.0000000,16.50,16.50,M,3,69,6,18
821,359,1,2015-01-06,18:33:08.0000000,16.00,16.00,M,4,34,7,18
822,359,1,2015-01-06,18:33:08.0000000,20.75,20.75,L,1,11,7,18
823,360,1,2015-01-06,18:50:38.0000000,20.75,20.75,L,1,31,8,18
824,360,1,2015-01-06,18:50:38.0000000,12.00,12.00,S,4,3,8,18
825,360,1,2015-01-06,18:50:38.0000000,10.50,10.50,S,2,16,8,18
826,361,2,2015-01-06,19:12:38.0000000,12.00,24.00,S,2,63,9,19
827,361,1,2015-01-06,19:12:38.0000000,12.00,12.00,S,2,58,9,19
828,362,1,2015-01-06,19:13:36.0000000,16.75,16.75,M,1,82,10,19
829,362,1,2015-01-06,19:13:36.0000000,20.25,20.25,L,4,71,10,19
830,363,1,2015-01-06,19:20:31.0000000,20.25,20.25,L,4,26,11,19
831,363,1,2015-01-06,19:20:31.0000000,20.25,20.25,L,4,71,11,19
832,364,1,2015-01-06,19:27:24.0000000,16.50,16.50,M,3,69,1,19
833,364,1,2015-01-06,19:27:24.0000000,25.50,25.50,XL,2,32,1,19
834,365,1,2015-01-06,19:37:26.0000000,14.75,14.75,M,4,20,2,19
835,365,1,2015-01-06,19:37:26.0000000,20.25,20.25,L,4,26,2,19
836,365,1,2015-01-06,19:37:26.0000000,12.50,12.50,M,2,80,2,19
837,366,1,2015-01-06,20:04:20.0000000,20.50,20.50,L,2,45,3,20
838,367,1,2015-01-06,20:05:12.0000000,16.50,16.50,L,2,64,4,20
839,367,1,2015-01-06,20:05:12.0000000,16.00,16.00,M,4,50,4,20
840,368,1,2015-01-06,20:28:16.0000000,16.50,16.50,M,4,52,5,20
841,368,1,2015-01-06,20:28:16.0000000,20.75,20.75,L,1,11,5,20
842,369,1,2015-01-06,20:30:06.0000000,16.00,16.00,M,4,50,6,20
843,370,1,2015-01-06,21:02:30.0000000,17.95,17.95,L,4,76,7,21
844,370,1,2015-01-06,21:02:30.0000000,10.50,10.50,S,2,16,7,21
845,371,1,2015-01-06,21:15:20.0000000,12.50,12.50,M,2,80,8,21
846,372,1,2015-01-06,22:26:59.0000000,12.00,12.00,S,4,51,9,22
847,373,1,2015-01-07,11:45:18.0000000,12.75,12.75,S,1,43,10,11
848,373,1,2015-01-07,11:45:18.0000000,16.00,16.00,M,2,44,10,11
849,373,1,2015-01-07,11:45:18.0000000,20.25,20.25,L,3,28,10,11
850,374,1,2015-01-07,11:55:59.0000000,12.00,12.00,S,2,63,11,11
851,374,1,2015-01-07,11:55:59.0000000,16.75,16.75,M,1,56,11,11
852,374,1,2015-01-07,11:55:59.0000000,12.50,12.50,S,3,66,11,11
853,375,1,2015-01-07,11:58:36.0000000,16.00,16.00,M,4,79,1,11
854,376,1,2015-01-07,12:01:17.0000000,25.50,25.50,XL,2,32,2,12
855,376,1,2015-01-07,12:01:17.0000000,20.25,20.25,L,4,12,2,12
856,377,1,2015-01-07,12:03:18.0000000,13.25,13.25,M,2,15,3,12
857,377,1,2015-01-07,12:03:18.0000000,20.75,20.75,L,1,11,3,12
858,378,1,2015-01-07,12:19:37.0000000,12.75,12.75,S,4,60,4,12
859,379,1,2015-01-07,12:25:37.0000000,20.75,20.75,L,1,11,5,12
860,380,1,2015-01-07,12:32:10.0000000,16.25,16.25,M,3,42,6,12
861,380,1,2015-01-07,12:32:10.0000000,16.75,16.75,M,1,55,6,12
862,381,1,2015-01-07,12:33:06.0000000,16.75,16.75,M,1,6,7,12
863,382,1,2015-01-07,12:33:07.0000000,12.75,12.75,S,1,81,8,12
864,382,1,2015-01-07,12:33:07.0000000,16.00,16.00,M,4,18,8,12
865,383,1,2015-01-07,12:43:59.0000000,16.50,16.50,M,3,24,9,12
866,384,1,2015-01-07,12:51:46.0000000,10.50,10.50,S,2,16,10,12
867,384,1,2015-01-07,12:51:46.0000000,16.00,16.00,M,2,7,10,12
868,384,1,2015-01-07,12:51:46.0000000,16.00,16.00,M,4,8,10,12
869,384,1,2015-01-07,12:51:46.0000000,12.00,12.00,S,2,57,10,12
870,385,1,2015-01-07,12:54:19.0000000,20.25,20.25,L,4,12,11,12
871,386,1,2015-01-07,12:58:16.0000000,12.75,12.75,S,4,60,1,12
872,386,1,2015-01-07,12:58:16.0000000,16.50,16.50,M,3,62,1,12
873,386,1,2015-01-07,12:58:16.0000000,16.75,16.75,M,1,17,1,12
874,387,1,2015-01-07,13:03:14.0000000,12.75,12.75,S,1,13,2,13
875,387,1,2015-01-07,13:03:14.0000000,12.00,12.00,S,2,63,2,13
876,387,1,2015-01-07,13:03:14.0000000,16.75,16.75,M,1,25,2,13
877,387,1,2015-01-07,13:03:14.0000000,18.50,18.50,L,4,75,2,13
878,387,1,2015-01-07,13:03:14.0000000,9.75,9.75,S,2,23,2,13
879,387,1,2015-01-07,13:03:14.0000000,20.75,20.75,L,3,49,2,13
880,387,1,2015-01-07,13:03:14.0000000,12.00,12.00,S,4,51,2,13
881,388,1,2015-01-07,13:04:56.0000000,12.75,12.75,S,1,13,3,13
882,388,1,2015-01-07,13:04:56.0000000,16.75,16.75,M,1,56,3,13
883,388,1,2015-01-07,13:04:56.0000000,16.00,16.00,M,4,8,3,13
884,388,1,2015-01-07,13:04:56.0000000,12.00,12.00,S,4,91,3,13
885,389,1,2015-01-07,13:10:17.0000000,20.75,20.75,L,4,39,4,13
886,390,1,2015-01-07,13:15:32.0000000,17.50,17.50,L,2,27,5,13
887,391,1,2015-01-07,13:25:31.0000000,16.00,16.00,M,2,86,6,13
888,392,1,2015-01-07,13:36:47.0000000,12.00,12.00,S,2,63,7,13
889,392,1,2015-01-07,13:36:47.0000000,12.25,12.25,S,3,54,7,13
890,392,1,2015-01-07,13:36:47.0000000,20.75,20.75,L,1,19,7,13
891,392,2,2015-01-07,13:36:47.0000000,9.75,19.50,S,2,23,7,13
892,392,1,2015-01-07,13:36:47.0000000,20.75,20.75,L,3,87,7,13
893,392,1,2015-01-07,13:36:47.0000000,20.25,20.25,L,3,28,7,13
894,392,1,2015-01-07,13:36:47.0000000,20.75,20.75,L,3,38,7,13
895,392,1,2015-01-07,13:36:47.0000000,20.75,20.75,L,3,49,7,13
896,393,1,2015-01-07,13:48:31.0000000,12.00,12.00,S,4,3,8,13
897,393,1,2015-01-07,13:48:31.0000000,16.50,16.50,L,2,64,8,13
898,394,1,2015-01-07,14:02:18.0000000,12.00,12.00,S,2,63,9,14
899,394,1,2015-01-07,14:02:18.0000000,12.75,12.75,S,1,43,9,14
900,394,1,2015-01-07,14:02:18.0000000,16.50,16.50,L,2,64,9,14
901,394,1,2015-01-07,14:02:18.0000000,10.50,10.50,S,2,16,9,14
902,394,1,2015-01-07,14:02:18.0000000,17.50,17.50,L,2,27,9,14
903,394,3,2015-01-07,14:02:18.0000000,12.50,37.50,M,2,80,9,14
904,394,1,2015-01-07,14:02:18.0000000,9.75,9.75,S,2,23,9,14
905,394,1,2015-01-07,14:02:18.0000000,20.25,20.25,L,3,28,9,14
906,394,1,2015-01-07,14:02:18.0000000,20.75,20.75,L,3,49,9,14
907,394,1,2015-01-07,14:02:18.0000000,12.50,12.50,S,4,40,9,14
908,394,1,2015-01-07,14:02:18.0000000,20.75,20.75,L,1,11,9,14
909,394,1,2015-01-07,14:02:18.0000000,12.00,12.00,S,4,91,9,14
910,395,1,2015-01-07,14:11:08.0000000,16.00,16.00,M,2,46,10,14
911,396,1,2015-01-07,14:12:21.0000000,12.00,12.00,S,4,51,11,14
912,397,2,2015-01-07,14:31:10.0000000,18.50,37.00,L,4,75,1,14
913,397,1,2015-01-07,14:31:10.0000000,16.50,16.50,L,2,64,1,14
914,397,1,2015-01-07,14:31:10.0000000,12.50,12.50,M,2,80,1,14
915,398,1,2015-01-07,14:56:26.0000000,9.75,9.75,S,2,23,2,14
916,399,1,2015-01-07,15:47:49.0000000,16.75,16.75,M,1,82,3,15
917,399,1,2015-01-07,15:47:49.0000000,20.75,20.75,L,1,19,3,15
918,399,1,2015-01-07,15:47:49.0000000,14.75,14.75,M,4,20,3,15
919,399,1,2015-01-07,15:47:49.0000000,16.00,16.00,M,2,86,3,15
920,400,1,2015-01-07,16:03:07.0000000,12.50,12.50,M,2,80,4,16
921,400,1,2015-01-07,16:03:07.0000000,20.75,20.75,L,1,11,4,16
922,401,1,2015-01-07,16:08:35.0000000,16.00,16.00,M,4,18,5,16
923,402,1,2015-01-07,16:24:46.0000000,17.95,17.95,L,4,76,6,16
924,402,1,2015-01-07,16:24:46.0000000,16.50,16.50,M,3,69,6,16
925,403,1,2015-01-07,16:26:10.0000000,12.75,12.75,S,1,13,7,16
926,403,1,2015-01-07,16:26:10.0000000,20.50,20.50,L,2,68,7,16
927,403,1,2015-01-07,16:26:10.0000000,12.50,12.50,S,3,10,7,16
928,404,1,2015-01-07,16:39:27.0000000,20.75,20.75,L,1,84,8,16
929,405,1,2015-01-07,16:44:16.0000000,20.25,20.25,L,3,28,9,16
930,406,1,2015-01-07,16:50:49.0000000,16.75,16.75,M,1,56,10,16
931,406,1,2015-01-07,16:50:49.0000000,16.00,16.00,M,2,44,10,16
932,406,1,2015-01-07,16:50:49.0000000,12.75,12.75,S,4,60,10,16
933,407,1,2015-01-07,16:56:42.0000000,16.75,16.75,M,1,55,11,16
934,407,1,2015-01-07,16:56:42.0000000,20.50,20.50,L,2,68,11,16
935,407,1,2015-01-07,16:56:42.0000000,12.50,12.50,M,2,80,11,16
936,408,1,2015-01-07,17:09:09.0000000,23.65,23.65,S,3,1,1,17
937,408,1,2015-01-07,17:09:09.0000000,16.50,16.50,M,3,22,1,17
938,409,1,2015-01-07,17:15:04.0000000,15.25,15.25,L,2,47,2,17
939,410,2,2015-01-07,17:33:49.0000000,12.00,24.00,S,2,63,3,17
940,410,1,2015-01-07,17:33:49.0000000,16.00,16.00,M,4,8,3,17
941,410,1,2015-01-07,17:33:49.0000000,25.50,25.50,XL,2,32,3,17
942,411,1,2015-01-07,17:58:09.0000000,16.50,16.50,M,3,69,4,17
943,411,1,2015-01-07,17:58:09.0000000,20.75,20.75,L,1,73,4,17
944,412,1,2015-01-07,18:07:46.0000000,23.65,23.65,S,3,1,5,18
945,412,1,2015-01-07,18:07:46.0000000,16.50,16.50,M,3,41,5,18
946,413,1,2015-01-07,18:11:32.0000000,12.00,12.00,S,2,57,6,18
947,414,1,2015-01-07,18:13:22.0000000,12.00,12.00,S,2,74,7,18
948,414,1,2015-01-07,18:13:22.0000000,18.50,18.50,L,4,75,7,18
949,414,1,2015-01-07,18:13:22.0000000,16.50,16.50,M,3,69,7,18
950,415,1,2015-01-07,18:16:23.0000000,12.75,12.75,S,1,67,8,18
951,416,1,2015-01-07,18:17:42.0000000,20.25,20.25,L,4,30,9,18
952,417,1,2015-01-07,18:24:40.0000000,9.75,9.75,S,2,23,10,18
953,418,1,2015-01-07,18:40:11.0000000,16.75,16.75,M,1,25,11,18
954,418,1,2015-01-07,18:40:11.0000000,16.25,16.25,M,3,88,11,18
955,419,1,2015-01-07,19:02:31.0000000,20.75,20.75,L,1,31,1,19
956,419,1,2015-01-07,19:02:31.0000000,16.50,16.50,L,2,64,1,19
957,419,1,2015-01-07,19:02:31.0000000,16.75,16.75,M,4,59,1,19
958,419,1,2015-01-07,19:02:31.0000000,12.00,12.00,S,4,91,1,19
959,420,1,2015-01-07,19:04:40.0000000,18.50,18.50,L,4,75,2,19
960,420,1,2015-01-07,19:04:40.0000000,11.00,11.00,S,2,9,2,19
961,421,1,2015-01-07,19:21:58.0000000,20.75,20.75,L,1,31,3,19
962,421,1,2015-01-07,19:21:58.0000000,20.25,20.25,L,3,2,3,19
963,421,1,2015-01-07,19:21:58.0000000,12.75,12.75,S,1,43,3,19
964,422,1,2015-01-07,19:30:25.0000000,17.95,17.95,L,4,76,4,19
965,422,1,2015-01-07,19:30:25.0000000,16.50,16.50,M,3,69,4,19
966,422,1,2015-01-07,19:30:25.0000000,16.00,16.00,M,4,50,4,19
967,423,1,2015-01-07,19:45:07.0000000,20.75,20.75,L,3,35,5,19
968,423,1,2015-01-07,19:45:07.0000000,12.25,12.25,S,3,37,5,19
969,424,1,2015-01-07,20:01:28.0000000,12.50,12.50,M,2,80,6,20
970,425,1,2015-01-07,20:21:19.0000000,16.50,16.50,M,3,62,7,20
971,426,1,2015-01-07,20:25:45.0000000,16.00,16.00,M,2,44,8,20
972,426,1,2015-01-07,20:25:45.0000000,12.25,12.25,S,3,37,8,20
973,426,1,2015-01-07,20:25:45.0000000,16.50,16.50,M,3,62,8,20
974,427,1,2015-01-07,21:49:00.0000000,20.25,20.25,L,4,30,9,21
975,428,1,2015-01-07,22:05:00.0000000,20.25,20.25,L,3,2,10,22
976,428,1,2015-01-07,22:05:00.0000000,12.00,12.00,S,2,58,10,22
977,429,1,2015-01-07,22:16:53.0000000,16.50,16.50,M,3,24,11,22
978,430,1,2015-01-07,22:46:13.0000000,16.00,16.00,M,4,34,1,22
979,430,1,2015-01-07,22:46:13.0000000,12.25,12.25,S,3,37,1,22
980,431,1,2015-01-08,11:17:13.0000000,12.00,12.00,S,2,63,2,11
981,431,1,2015-01-08,11:17:13.0000000,12.75,12.75,S,1,83,2,11
982,431,1,2015-01-08,11:17:13.0000000,17.95,17.95,L,4,76,2,11
983,431,1,2015-01-08,11:17:13.0000000,16.50,16.50,L,2,64,2,11
984,432,1,2015-01-08,11:39:07.0000000,12.00,12.00,S,2,58,3,11
985,432,1,2015-01-08,11:39:07.0000000,20.75,20.75,L,1,11,3,11
986,432,1,2015-01-08,11:39:07.0000000,12.00,12.00,S,4,91,3,11
987,433,1,2015-01-08,11:49:50.0000000,20.75,20.75,L,3,49,4,11
988,434,1,2015-01-08,11:54:14.0000000,16.00,16.00,M,2,46,5,11
989,434,1,2015-01-08,11:54:14.0000000,20.75,20.75,L,3,49,5,11
990,434,1,2015-01-08,11:54:14.0000000,20.25,20.25,L,4,12,5,11
991,435,1,2015-01-08,12:06:09.0000000,16.00,16.00,M,2,44,6,12
992,435,1,2015-01-08,12:06:09.0000000,14.50,14.50,M,2,5,6,12
993,435,1,2015-01-08,12:06:09.0000000,12.50,12.50,S,3,53,6,12
994,436,1,2015-01-08,12:07:21.0000000,20.50,20.50,L,2,68,7,12
995,436,1,2015-01-08,12:07:21.0000000,16.50,16.50,M,3,69,7,12
996,436,1,2015-01-08,12:07:21.0000000,11.00,11.00,S,2,9,7,12
997,436,1,2015-01-08,12:07:21.0000000,12.50,12.50,S,3,66,7,12
998,437,1,2015-01-08,12:07:54.0000000,16.75,16.75,M,1,82,8,12
999,438,1,2015-01-08,12:08:38.0000000,16.00,16.00,M,4,18,9,12
1000,439,1,2015-01-08,12:13:08.0000000,16.75,16.75,M,1,56,10,12
